Loại,Tên,Nội dung,Quận/huyện,Tỉnh/Thành phố,Nguồn,Hình ảnh,Bổ sung
Doctor,PGS.TS Nguyễn Hồng Hà ,"<div class=""item-expert-details-content""><p><strong>Chức vụ:</strong></p><p>Trưởng khoa Phẫu thuật Hàm mặt - Tạo hình - Thẩm mỹ, Bệnh viện Hữu nghị Việt Đức.</p><p>Giáo sư thỉnh giảng Đại học Y Hà Nội, Đại học Y Dược Hải Phòng, Đại học Quân Y.</p><p>Phó Chủ tịch Hội Phẫu thuật Tạo hình thẩm mỹ Việt Nam.&nbsp;</p><p>&nbsp;</p><p><span style=""font-family:arial,helvetica,sans-serif;font-size:12pt""><strong>Chuyên ngành:</strong></span></p><p><span style=""font-family:arial,helvetica,sans-serif;font-size:12pt"">Phẫu thuật Tạo hình thẩm mỹ.</span></p><p><span style=""font-family:arial,helvetica,sans-serif;font-size:12pt"">Phẫu thuật Sọ mặt, Hàm mặt.</span></p><p><span style=""font-family:arial,helvetica,sans-serif;font-size:12pt"">Phẫu thuật Vi phẫu - Bàn tay.</span></p><p>&nbsp;</p><p><span style=""font-family:arial,helvetica,sans-serif;font-size:12pt""><strong>Quá trình đào tạo:</strong></span></p><p><span style=""font-family:arial,helvetica,sans-serif;font-size:12pt"">Năm 2000 : Tốt nghiệp Bác sĩ nội trú chuyên ngành Phẫu thuật Tạo hình thẩm mỹ, Đại học Y Hà Nội.&nbsp;</span></p><p><span style=""font-family:arial,helvetica,sans-serif;font-size:12pt"">Năm 2004 : Tốt nghiệp Bác sĩ nội trú Bệnh viện Cộng hòa Pháp; chuyên ngành Phẫu thuật Tạo hình thẩm mỹ, phẫu thuật Hàm mặt, phẫu thuật Vi phẫu - Bàn tay.</span></p><p><span style=""font-family:arial,helvetica,sans-serif;font-size:12pt"">2010, 2015 : Visiting Clinicien, Phẫu thuật Tạo hình thẩm mỹ, phẫu thuật sọ mặt, tại Hoa Kỳ và Vương quốc Anh&nbsp;</span></p><p>&nbsp;</p><p><span style=""font-family:arial,helvetica,sans-serif;font-size:12pt""><strong>Thế mạnh chuyên môn:</strong></span></p><p><span style=""font-family:arial,helvetica,sans-serif;font-size:12pt"">Phẫu thuật Tạo hình thẩm mỹ, phẫu thuật Sọ mặt, Hàm mặt</span></p><p><span style=""font-family:arial,helvetica,sans-serif;font-size:12pt"">Phẫu thuật Vi phẫu - Bàn tay</span></p><p>&nbsp;</p><p>&nbsp;</p><p><span style=""font-family:arial,helvetica,sans-serif;font-size:12pt"">&nbsp;</span></p><p>&nbsp;</p><p>&nbsp;</p><p><span style=""font-family:arial,helvetica,sans-serif;font-size:12pt"">&nbsp;</span></p><p>&nbsp;</p></div>",Hoàn Kiếm,Hà Nội,https://benhvienvietduc.org/khoa/khoa-phau-thuat-ham-mat-tao-hinh-va-tham-my/doi-ngu-bac-si,https://benhvienvietduc.org/wp-content/uploads/2016/08/MG_8584.jpg,"Chức vụ: Trưởng Khoa Phẫu  thuật Hàm mặt - Tạo hình - Thẩm mỹ, Bệnh viện Hữu nghị Việt Đức
Cơ sở y tế: Bệnh viện Hữu nghị Việt Đức
Facebook: https://www.facebook.com/p/PGSTS-B%C3%A1c-s%C4%A9-Nguy%E1%BB%85n-H%E1%BB%93ng-H%C3%A0-Ph%E1%BA%ABu-Thu%E1%BA%ADt-T%E1%BA%A1o-H%C3%ACnh-Th%E1%BA%A9m-M%E1%BB%B9-100063958449277/?locale=vi_VN
Ảnh trước/sau (nâng ngực): https://cdn.bookingcare.vn/fo/w640/2025/04/24/093827-nang-nguc-pgs-nguyen-hong-ha.jpg - Nguồn ảnh: Fanpage PGS.TS Nguyễn Hồng Hà, ngày đăng: 13/3/2025, link bài đăng: https://www.facebook.com/permalink.php?story_fbid=pfbid0meVUGgY3uNoHGjD2YiXYaNYmDxUzKuS4DVuZ3JiQrpgMZkRuLq3Y835mSQ2zPKZPl&id=100063958449277&locale=vi_VN 
Ảnh trước/sau (nâng ngực):  https://cdn.bookingcare.vn/fo/w640/2025/05/06/083943-pgs-nguyen-hong-ha-nang-nguc.png - Nguồn ảnh: Fanpage PGS.TS Nguyễn Hồng Hà, ngày đăng: 17/4/2025, link bài đăng: https://www.facebook.com/permalink.php?story_fbid=pfbid02u3uUrpXvVpuJSYSYL2jLzYw2KQarrkK6A927bPfYnrDGnhcz5qt4qPxVGbPX4aDil&id=100063958449277&locale=vi_VN 
Ảnh trước/sau (treo sa trễ, thu nhỏ ngực phì đại): https://cdn.bookingcare.vn/fo/w640/2025/04/24/093439-treo-sa-tre-pgs-nguyen-hong-ha.jpg - Nguồn ảnh:  Fanpage PGS.TS Nguyễn Hồng Hà, ngày đăng: 12/4/2025, Link bài đăng: https://www.facebook.com/permalink.php?story_fbid=pfbid0ETeNK8W19zqapkpd8dFoL6DpPgGGtEKw6rAGDvpjBrs7iLzemVWqDHKJVtqU4yXZl&id=100063958449277&locale=vi_VN 
Ảnh trước/sau (nhấn mí): https://cdn.bookingcare.vn/fo/w640/2025/04/24/093643-cat-mi-pgs-nguyen-hong-ha.jpg
Ảnh trước/sau (tạo hình thành bụng): https://cdn.bookingcare.vn/fo/w640/2025/05/06/083328-pgs-nguyen-hong-ha-tao-hinh-thanh-bung.jpg - Nguồn ảnh: Fanpage PGS.TS. Nguyễn Hồng  Hà, ngày đăng: 19/4/2025, link bài đăng: https://www.facebook.com/permalink.php?story_fbid=pfbid022iAz9G4AhVRpuVHAxgyWqFNHH3VSb5L4DT3Bnch48GVH3BCYPDDJUD2GexxHqX2Ul&id=100063958449277&locale=vi_VN
Ảnh trước/sau (tạo hình thành bụng):  https://cdn.bookingcare.vn/fo/w640/2025/05/06/083943-pgs-nguyen-hong-ha-nang-nguc.png - Nguồn ảnh: Fanpage PGS.TS Nguyễn Hồng Hà, ngày đăng: 17/4/2025, link bài đăng: https://www.facebook.com/permalink.php?story_fbid=pfbid02u3uUrpXvVpuJSYSYL2jLzYw2KQarrkK6A927bPfYnrDGnhcz5qt4qPxVGbPX4aDil&id=100063958449277&locale=vi_VN 
Ảnh trước/sau (tạo hình thành bụng): "
Doctor,PGS.TS Nguyễn Hồng Hà ,"Thế mạnh chuyên môn:
Nâng ngực nội soi qua đường nách 4.0 hoàn toàn không để lại sẹo
Treo sa trễ, thu nhỏ ngực phì đại
Phẫu thuật tạo hình thành bụng
Phẫu thuật tạo hình vành tai
Cắt mí, nhấn mí, sửa mí hỏng",Hoàn Kiếm,Hà Nội,"https://benhvienvietduc.org/khoa/khoa-phau-thuat-ham-mat-tao-hinh-va-tham-my/doi-ngu-bac-si
https://www.facebook.com/p/PGSTS-B%C3%A1c-s%C4%A9-Nguy%E1%BB%85n-H%E1%BB%93ng-H%C3%A0-Ph%E1%BA%ABu-Thu%E1%BA%ADt-T%E1%BA%A1o-H%C3%ACnh-Th%E1%BA%A9m-M%E1%BB%B9-100063958449277/?locale=vi_VN",https://benhvienvietduc.org/wp-content/uploads/2016/08/MG_8584.jpg,
Doctor,TS.BS Đỗ Thị Ngọc Linh ,"<div class=""item-expert-details-content""><p><strong>Chức vụ:</strong></p><p>Phó Trưởng khoa Phẫu thuật Hàm mặt - Tạo hình - Thẩm mỹ, Bệnh viện Hữu nghị Việt Đức.</p><p>&nbsp;</p><p><span style=""font-family:arial,helvetica,sans-serif;font-size:12pt""><strong>Chuyên ngành:</strong></span></p><p><span style=""font-family:arial,helvetica,sans-serif;font-size:12pt"">Phẫu thuật Tạo hình - Hàm mặt - Thẩm mỹ.</span></p><p>&nbsp;</p><p><span style=""font-family:arial,helvetica,sans-serif;font-size:12pt""><strong>Quá trình đào tạo:</strong></span></p><p><span style=""font-family:arial,helvetica,sans-serif;font-size:12pt"">Năm 1998: Tốt nghiệp Đại học Y Hà Nội.</span></p><p><span style=""font-family:arial,helvetica,sans-serif;font-size:12pt"">Năm 2002: Tốt nghiệp Bác sĩ</span><span style=""font-family:arial,helvetica,sans-serif;font-size:12pt"">&nbsp;nội trú Phẫu thuật Tạo hình Đại học Y Hà Nội.</span></p><p><span style=""font-family:arial,helvetica,sans-serif;font-size:12pt"">Năm 2006: Tốt nghiệp Bác sĩ nội trú tại Cộng hòa Pháp.</span></p><p><span style=""font-family:arial,helvetica,sans-serif;font-size:12pt"">2017 - nay: Nghiên cứu sinh Phẫu thuật Tạo hình Đại học Y Hà Nội</span></p><p><span style=""font-family:arial,helvetica,sans-serif;font-size:12pt"">Fellowship : Bệnh viện Sickkid - Toronto - Canada, Bệnh viện St Georges - Chelsea Westminster, St Louis - Paris - Cộng hòa Pháp.&nbsp;</span></p><p>&nbsp;</p><p><span style=""font-family:arial,helvetica,sans-serif;font-size:12pt""><strong>Thế mạnh chuyên môn:</strong></span></p><p><span style=""font-family:arial,helvetica,sans-serif;font-size:12pt"">Phẫu thuật Tạo hình vú, cơ quan sinh dục.</span></p><p><span style=""font-family:arial,helvetica,sans-serif;font-size:12pt"">Điều trị các bất thường mạch máu.</span></p><p><span style=""font-family:arial,helvetica,sans-serif;font-size:12pt"">Phẫu thuật tạo hình, thẩm mỹ, sọ mặt, vi phẫu.</span></p><p>&nbsp;</p><p>&nbsp;</p><p>&nbsp;</p><p>&nbsp;</p></div>",Hoàn Kiếm,Hà Nội,https://benhvienvietduc.org/khoa/khoa-phau-thuat-ham-mat-tao-hinh-va-tham-my/doi-ngu-bac-si,https://benhvienvietduc.org/wp-content/uploads/2016/10/photo-copy.jpg,"Chức vụ: Phó Trưởng Khoa PT Hàm mặt - Tạo hình - Thẩm mỹ, Bệnh viện Hữu nghị Việt Đức
Cơ sở y tế: Bệnh viện Hữu nghị Việt Đức"
Doctor,TS.BS Đỗ Thị Ngọc Linh ,"Thế mạnh chuyên môn:
Phẫu thuật tạo hình vú  
Phẫu thuật cơ quan sinh dục  
Phẫu thuật điều trị bất thường mạch máu  
Phẫu thuật sọ mặt, vi phẫu  
Phẫu thuật tạo hình – thẩm mỹ tổng quát",Hoàn Kiếm,Hà Nội,https://benhvienvietduc.org/khoa/khoa-phau-thuat-ham-mat-tao-hinh-va-tham-my/doi-ngu-bac-si,,"Chức vụ: Phó Trưởng Khoa PT Hàm mặt - Tạo hình - Thẩm mỹ, Bệnh viện Hữu nghị Việt Đức
Cơ sở y tế: Bệnh viện Hữu nghị Việt Đức"
Doctor,TS.BS Vũ Trung Trực,"<p><span style=""font-family: arial, helvetica, sans-serif; font-size: 12pt;""><strong>Chức vụ:</strong></span></p>
<p><span style=""font-family: arial, helvetica, sans-serif; font-size: 12pt;"">Phó Trưởng khoa Phẫu thuật Hàm mặt - Tạo hình - Thẩm mỹ, Bệnh viện Hữu nghị Việt Đức.</span></p>
<p>&nbsp;</p>
<p><span style=""font-family: arial, helvetica, sans-serif; font-size: 12pt;""><strong>Chuyên ngành:</strong></span></p>
<p><span style=""font-family: arial, helvetica, sans-serif; font-size: 12pt;"">Phẫu thuật tạo hình thẩm mỹ.</span></p>
<p>&nbsp;</p>
<p><span style=""font-family: arial, helvetica, sans-serif; font-size: 12pt;""><strong>Quá trình đào tạo:</strong></span></p>
<p><span style=""font-family: arial, helvetica, sans-serif; font-size: 12pt;"">Năm 2002: Tốt nghiệp trường Đại học Y Hà Nội.</span></p>
<p><span style=""font-family: arial, helvetica, sans-serif; font-size: 12pt;"">Năm 2006: Tốt nghiệp Bác sĩ nội trú bệnh viện chuyên ngành Phẫu thuật tạo hình, Trường Đại học Y Hà Nội.</span></p>
<p><span style=""font-family: arial, helvetica, sans-serif; font-size: 12pt;"">Năm 2011: Tu nghiệp Bác sĩ điều trị, phẫu thuật viên Tạo hình. Bệnh viện trường Đại học Chang Gung Memorial – Đài Loan.</span></p>
<p><span style=""font-family: arial, helvetica, sans-serif; font-size: 12pt;"">Năm 2014: Tu nghiệp Bác sĩ thực hành lâm sàng phẫu thuật tạo hình. Bệnh viện E-Da, Trường Đại học I-Shou, Cao Hùng, Đài Loan.</span></p>
<p><span style=""font-family: arial, helvetica, sans-serif; font-size: 12pt;"">Năm 2015: Bác sĩ thực hành lâm sàng và giảng dạy phẫu thuật tạo hình. Bệnh viện Royal North Shore, Trường Đại học Sydney, Úc.</span></p>
<p><span style=""font-family: arial, helvetica, sans-serif; font-size: 12pt;"">Năm 2016: Tu nghiệp Bác sĩ thực hành lâm sàng phẫu thuật tạo hình. Facing the World foundation, bệnh viện Chelsea – Westminster, Charing Cross…, London, vương quốc Anh.</span></p>
<p><span style=""font-family: arial, helvetica, sans-serif; font-size: 12pt;"">Năm 2017 : Tu nghiệp Bác sĩ thực hành lâm sàng phẫu thuật tạo hình. Japanese Council of Medical Training, bệnh viện Tonaromon, Tokyo, Nhật Bản.</span></p>
<p><span style=""font-family: arial, helvetica, sans-serif; font-size: 12pt;"">7/2018 : Bác sĩ thực hành lâm sàng phẫu thuật tạo hình. Trung tâm y khoa Asan, Seoul, Hàn Quốc.</span></p>
<p>&nbsp;</p>
<p><span style=""font-family: arial, helvetica, sans-serif; font-size: 12pt;""><strong>Thế mạnh chuyên môn:</strong></span></p>
<p><span style=""font-family: arial, helvetica, sans-serif; font-size: 12pt;"">Phẫu thuật sọ mặt (biến dạng hộp sọ, dị tật môi và vòm miệng).</span></p>
<p><span style=""font-family: arial, helvetica, sans-serif; font-size: 12pt;"">Phẫu thuật hàm mặt (chấn thương hàm mặt, các khối u vùng hàm mặt).</span></p>
<p><span style=""font-family: arial, helvetica, sans-serif; font-size: 12pt;"">Phẫu thuật vi phẫu (nối cơ quan đứt rời, vi phẫu mạch máu, siêu vi phẫu phù bạch mạch, bệnh lý thần kinh ngoại biên).</span></p>
<p><span style=""font-family: arial, helvetica, sans-serif; font-size: 12pt;"">Phẫu thuật tạo hình vú bẩm sinh, sau điều trị ung thư, tạo hình cơ quan sinh dục ngoài.</span></p>
<p><span style=""font-family: arial, helvetica, sans-serif; font-size: 12pt;"">Các bất thường mạch máu.</span></p>
<p><span style=""font-family: arial, helvetica, sans-serif; font-size: 12pt;"">Phẫu thuật thẩm mỹ (vùng hàm mặt, cắt chỉnh xương hàm mặt, ứng dụng nội soi trong nâng ngực, tạo hình thành bụng, ứng dụng công nghệ cao trong tạo hình thẩm mỹ)</span></p>
<p>&nbsp;</p>
<p>&nbsp;</p>
<p>&nbsp;</p>",Hoàn Kiếm,Hà Nội,https://benhvienvietduc.org/khoa/khoa-phau-thuat-ham-mat-tao-hinh-va-tham-my/doi-ngu-bac-si,https://benhvienvietduc.org/wp-content/uploads/2021/07/Bs-Truc-HM2.jpg,"Chức vụ: Phó Trưởng Khoa PT Hàm mặt - Tạo hình - Thẩm mỹ, Bệnh viện Hữu nghị Việt Đức
Cơ sở y tế: Bệnh viện Hữu nghị Việt Đức
Facebook: https://www.facebook.com/bacsivutrungtruc/?locale=vi_VN"
Doctor,TS.BS Vũ Trung Trực,"Thế mạnh chuyên môn:
Phẫu thuật tạo hình vú, cơ quan sinh dục  
Phẫu thuật thẩm mỹ vùng hàm mặt, ngực, bụng  
Hút mỡ, cấy mỡ
Cắt mí, nhấn mí, sửa mí hỏng
Ứng dụng công nghệ cao trong điều trị và thẩm mỹ",Hoàn Kiếm,Hà Nội,,,"Chức vụ: Phó Trưởng Khoa PT Hàm mặt - Tạo hình - Thẩm mỹ, Bệnh viện Hữu nghị Việt Đức
Cơ sở y tế: Bệnh viện Hữu nghị Việt Đức
Facebook: https://www.facebook.com/bacsivutrungtruc/?locale=vi_VN"
Doctor,TS.BS Đào Văn Giang ,"<p><strong>Chức vụ:</strong></p>
<p>Phó Trưởng khoa Phẫu thuật Hàm mặt - Tạo hình - Thẩm mỹ, Bệnh viện Hữu nghị Việt Đức.</p>
<p>Phó Tổng thư ký Hội phẫu thuật Tạo hình thẩm mỹ Việt Nam.</p>
<p>&nbsp;</p>
<p><span style=""font-family: arial, helvetica, sans-serif; font-size: 12pt;""><strong>Chuyên ngành:</strong></span></p>
<p><span style=""font-family: arial, helvetica, sans-serif; font-size: 12pt;"">Phẫu thuật Tạo hình - Thẩm mỹ</span></p>
<p>&nbsp;</p>
<p><span style=""font-family: arial, helvetica, sans-serif; font-size: 12pt;""><strong>Quá trình đào tạo:</strong></span></p>
<p><span style=""font-family: arial, helvetica, sans-serif; font-size: 12pt;"">Năm 2007: Tốt nghiệp Bác sĩ nội trú chuyên ngành phẫu thuật&nbsp; Tạo hình Đại học Y Hà Nội.</span></p>
<p><span style=""font-family: arial, helvetica, sans-serif; font-size: 12pt;"">Năm 2010: Tu nghiệp tại Đài Loan.</span></p>
<p><span style=""font-family: arial, helvetica, sans-serif; font-size: 12pt;"">Năm 2013: Tu nghiệp tại Mayo Clinic Minasota Hoa Kỳ.</span></p>
<p><span style=""font-family: arial, helvetica, sans-serif; font-size: 12pt;"">Năm 2015: Tu nghiệp tại Úc.</span></p>
<p><span style=""font-family: arial, helvetica, sans-serif; font-size: 12pt;"">Năm 2016: Tu nghiệp tại Anh quốc.</span></p>
<p><span style=""font-family: arial, helvetica, sans-serif; font-size: 12pt;"">Năm 2013: Tu nghiệp tại Hàn Quốc.</span></p>
<p>&nbsp;</p>
<p><span style=""font-family: arial, helvetica, sans-serif; font-size: 12pt;""><strong>Thế mạnh chuyên môn:</strong></span></p>
<p><span style=""font-family: arial, helvetica, sans-serif; font-size: 12pt;"">Phẫu thuật Tạo hình.</span></p>
<p><span style=""font-family: arial, helvetica, sans-serif; font-size: 12pt;"">Phẫu thuật Hàm mặt.</span></p>
<p><span style=""font-family: arial, helvetica, sans-serif; font-size: 12pt;"">Phẫu thuật Vi phẫu.</span></p>
<p><span style=""font-family: arial, helvetica, sans-serif; font-size: 12pt;"">Phẫu thuật thẩm mỹ : mũi, mí, ngực, bụng, hút mỡ...</span></p>
<p>&nbsp;</p>
<p>&nbsp;</p>
<p>&nbsp;</p>
<p>&nbsp;</p>",Hoàn Kiếm,Hà Nội,https://benhvienvietduc.org/khoa/khoa-phau-thuat-ham-mat-tao-hinh-va-tham-my/doi-ngu-bac-si,https://benhvienvietduc.org/wp-content/uploads/2016/08/MG_8596.jpg,"Chức vụ: Phó Trưởng Khoa PT Hàm mặt - Tạo hình - Thẩm mỹ, Bệnh viện Hữu nghị Việt Đức
Cơ sở y tế: Bệnh viện Hữu nghị Việt Đức
Facebook: https://www.facebook.com/Tiensibacsigiang"
Doctor,TS.BS Đào Văn Giang ,"Phẫu thuật Tạo hình Hàm mặt, Vi phẫu
Thẩm mỹ mũi
Thẩm mỹ mắt
Thẩm mỹ ngực",Hoàn Kiếm,Hà Nội,,,
Doctor,BS Trần Ngọc Phương Anh ,"<p><strong>Chức vụ:</strong></p>
<p>Bác sĩ Khoa Phẫu thuật Hàm mặt Tạo hình và Thẩm mỹ, Bệnh viện Hữu nghị Việt Đức</p>
<p>&nbsp;</p>
<p><strong>Chuyên ngành:</strong></p>
<p>Phẫu thuật Tạo hình, thẩm mỹ</p>
<p>&nbsp;</p>
<p><strong>Quá trình đào tạo:</strong></p>
<p>Năm 2020: Tốt nghiệp Bác sĩ đa khoa trường Y - Dược, Đại học Quốc gia Hà Nội</p>
<p>&nbsp;</p>
<p><strong>Thế mạnh chuyên môn:</strong></p>
<p>Phẫu thuật hàm mặt.</p>
<p>Phẫu thuật tạo hình thẩm mỹ.</p>
<p>&nbsp;</p>",Hoàn Kiếm,Hà Nội,https://benhvienvietduc.org/khoa/khoa-phau-thuat-ham-mat-tao-hinh-va-tham-my/doi-ngu-bac-si,https://benhvienvietduc.org/wp-content/uploads/2024/07/Bs-PAnh-HM1.jpg,"Chức vụ: Bác sĩ Khoa Phẫu thuật Hàm mặt Tạo hình và Thẩm mỹ, Bệnh viện Hữu nghị Việt Đức
Cơ sở y tế: Bệnh viện Hữu nghị Việt Đức"
Doctor,ThS.BS Nguyễn Đắc Nguyên,"<p>&nbsp;<strong>Chức vụ:</strong></p>
<p>Bác sĩ Khoa Phẫu thuật Hàm mặt – Tạo hình – Thẩm mỹ, Bệnh viện Hữu nghị Việt Đức</p>
<p><strong>Chuyên ngành:</strong></p>
<p>Ngoại khoa</p>
<p><strong>Quá trình đào tạo:</strong></p>
<p>Năm 2020: Tốt nghiệp&nbsp;Bác sĩ đa khoa trường Đại học Y Hà Nội.</p>
<p>Năm 2023:&nbsp;Tốt nghiệp Thạc sỹ, Bác sĩ nội trú trường Đại học Y Hà Nội.</p>
<p><strong>Thế mạnh chuyên môn:</strong></p>
<p>Phẫu thuật tạo hình</p>
<p>Phẫu thuật thẩm mỹ</p>",Hoàn Kiếm,Hà Nội,https://benhvienvietduc.org/khoa/khoa-phau-thuat-ham-mat-tao-hinh-va-tham-my/doi-ngu-bac-si,https://benhvienvietduc.org/wp-content/uploads/2025/02/Bs-Nguyen-Tieu-hoa1.jpg,"Chức vụ: Bác sĩ Khoa Phẫu thuật Hàm mặt Tạo hình và Thẩm mỹ, Bệnh viện Hữu nghị Việt Đức
Cơ sở y tế: Bệnh viện Hữu nghị Việt Đức"
Doctor,BSCKI Dương Hồng Quân,"<p><strong>Chức vụ:</strong></p>
<p>Bác sĩ Khoa Phẫu thuật Tạo hình hàm mặt thẩm mỹ, Bệnh viện Hữu nghị Việt Đức.</p>
<p>&nbsp;</p>
<p><strong>Chuyên ngành: </strong></p>
<p>Bác sĩ Phẫu thuật Tạo hình Thẩm mỹ</p>
<p>&nbsp;</p>
<p><strong>Quá trình đào tạo: </strong></p>
<p>Năm 2017: Tốt nghiệp Đại học Y Hà Nội</p>
<p>Năm 2024: Tốt nghiệp Bs chuyên khoa cấp 1 Đại học Y Hà Nội chuyên ngành Phẫu thuật Tạo hình Thẩm mỹ Tái tạo</p>
<p>&nbsp;</p>
<p><strong>Thế mạnh chuyên môn: </strong></p>
<p>Phẫu thuật tạo hình</p>",Hoàn Kiếm,Hà Nội,https://benhvienvietduc.org/khoa/khoa-phau-thuat-ham-mat-tao-hinh-va-tham-my/doi-ngu-bac-si,https://benhvienvietduc.org/wp-content/uploads/2023/04/Bs-Hong-Quan-HM1.jpg,"Chức vụ: Bác sĩ Khoa Phẫu thuật Hàm mặt Tạo hình và Thẩm mỹ, Bệnh viện Hữu nghị Việt Đức
Cơ sở y tế: Bệnh viện Hữu nghị Việt Đức"
Doctor,BS Thịnh Thái ,"<p><span style=""font-family: arial, helvetica, sans-serif; font-size: 12pt;""><strong>Chức vụ:</strong></span></p>
<p><span style=""font-family: arial, helvetica, sans-serif; font-size: 12pt;"">Bác sĩ khoa Phẫu thuật Hàm mặt - Tạo hình - Thẩm mỹ, Bệnh viện Hữu nghị Việt Đức.</span></p>
<p>&nbsp;</p>
<p><span style=""font-family: arial, helvetica, sans-serif; font-size: 12pt;""><strong>Chuyên ngành:</strong></span></p>
<p><span style=""font-family: arial, helvetica, sans-serif; font-size: 12pt;"">Răng hàm mặt</span></p>
<p>&nbsp;</p>
<p><span style=""font-family: arial, helvetica, sans-serif; font-size: 12pt;""><strong>Quá trình đào tạo:</strong></span></p>
<p><span style=""font-family: arial, helvetica, sans-serif; font-size: 12pt;"">Năm 2019: Tu nghiệp tại Anh Quốc</span></p>
<p>&nbsp;</p>
<p><span style=""font-family: arial, helvetica, sans-serif; font-size: 12pt;""><strong>Thế mạnh chuyên môn:</strong></span></p>
<p><span style=""font-family: arial, helvetica, sans-serif; font-size: 12pt;"">Chuyên ngành Răng Hàm Mặt.</span></p>
<p><span style=""font-family: arial, helvetica, sans-serif; font-size: 12pt;""> Phẫu thuật Hàm Mặt.</span></p>
<p>&nbsp;</p>
<p>&nbsp;</p>",Hoàn Kiếm,Hà Nội,https://benhvienvietduc.org/khoa/khoa-phau-thuat-ham-mat-tao-hinh-va-tham-my/doi-ngu-bac-si,https://benhvienvietduc.org/wp-content/uploads/2022/08/Bs-Thai-w1.jpg,"Chức vụ: Bác sĩ Khoa Phẫu thuật Hàm mặt Tạo hình và Thẩm mỹ, Bệnh viện Hữu nghị Việt Đức
Cơ sở y tế: Bệnh viện Hữu nghị Việt Đức"
Doctor,ThS.BS Nguyễn Thị Thanh,"<p><span style=""font-family: arial, helvetica, sans-serif; font-size: 12pt;"">&nbsp;<strong>Chức vụ:</strong></span></p>
<p><span style=""font-family: arial, helvetica, sans-serif; font-size: 12pt;"">Bác sĩ khoa Phẫu thuật Hàm mặt - Tạo hình - Thẩm mỹ, Bệnh viện Hữu nghị Việt Đức.</span></p>
<p>&nbsp;</p>
<p><span style=""font-size: 12pt;""><strong><span style=""font-family: arial, helvetica, sans-serif;"">Chuyên ngành:</span></strong></span></p>
<p><span style=""font-family: arial, helvetica, sans-serif; font-size: 12pt;"">Răng hàm mặt</span></p>
<p>&nbsp;</p>
<p><span style=""font-size: 12pt;""><strong><span style=""font-family: arial, helvetica, sans-serif;"">Quá trình đào tạo:</span></strong></span></p>
<p><span style=""font-family: arial, helvetica, sans-serif; font-size: 12pt;"">Tốt nghiệp Bác sĩ chuyên khoa Răng hàm mặt tại Đại học Y Hà Nội</span></p>
<p><span style=""font-family: arial, helvetica, sans-serif; font-size: 12pt;"">Tốt nghiệp Bác sĩ nội trú Răng hàm mặt tại Viện đào tạo Răng hàm mặt trường Đại học Y Hà Nội</span></p>
<p><span style=""font-family: arial, helvetica, sans-serif; font-size: 12pt;"">Năm 2019: Tu nghiệp tại Anh Quốc</span></p>
<p>&nbsp;</p>
<p><span style=""font-size: 12pt;""><strong><span style=""font-family: arial, helvetica, sans-serif;"">Thế mạnh chuyên môn:</span></strong></span></p>
<p><span style=""font-family: arial, helvetica, sans-serif; font-size: 12pt;"">Chuyên ngành Răng hàm mặt</span></p>
<p><span style=""font-family: arial, helvetica, sans-serif; font-size: 12pt;"">Phẫu thuật Hàm mặt</span></p>",Hoàn Kiếm,Hà Nội,https://benhvienvietduc.org/khoa/khoa-phau-thuat-ham-mat-tao-hinh-va-tham-my/doi-ngu-bac-si,https://benhvienvietduc.org/wp-content/uploads/2020/01/IMG_8483-Nguyen-Thi-Thanh.jpg,"Chức vụ: Bác sĩ Khoa Phẫu thuật Hàm mặt Tạo hình và Thẩm mỹ, Bệnh viện Hữu nghị Việt Đức
Cơ sở y tế: Bệnh viện Hữu nghị Việt Đức"
Doctor,BSCKII Trần Thị Thanh Huyền,"<p><strong>Chức vụ:</strong></p>
<p>Bác sĩ khoa Phẫu thuật Hàm mặt - Tạo hình - Thẩm mỹ, Bệnh viện Hữu nghị Việt Đức.</p>
<p>&nbsp;</p>
<p><span style=""font-family: arial, helvetica, sans-serif; font-size: 12pt;""><strong>Chuyên ngành:</strong></span></p>
<p><span style=""font-family: arial, helvetica, sans-serif; font-size: 12pt;"">Phẫu thuật tạo hình thẩm mỹ - Hàm mặt</span></p>
<p>&nbsp;</p>
<p><span style=""font-family: arial, helvetica, sans-serif; font-size: 12pt;""><strong>Quá trình đào tạo:</strong></span></p>
<p><span style=""font-family: arial, helvetica, sans-serif; font-size: 12pt;"">Năm 2004 : Tốt nghiệp trường Đại học Y Hà Nội.&nbsp;</span></p>
<p><span style=""font-family: arial, helvetica, sans-serif; font-size: 12pt;"">Năm 2008 : Tốt nghiệp Bác sĩ nội trú Bệnh viện Đại học Y Hà Nội chuyên ngành Phẫu thuật Tạo hình.</span></p>
<p><span style=""font-family: arial, helvetica, sans-serif; font-size: 12pt;"">Năm 2013 : Tu nghiệp tại Bệnh viện Fareastern memory hospital, Teipei, Taiwan.</span></p>
<p><span style=""font-family: arial, helvetica, sans-serif; font-size: 12pt;"">Năm 2016 : Tu nghiệp tại London, Anh : Học về tạo hình sọ, mặt.</span></p>
<p><span style=""font-family: arial, helvetica, sans-serif; font-size: 12pt;"">Năm 2016: Đào tạo tại Anh ( London, Leeds).</span></p>
<p><span style=""font-family: arial, helvetica, sans-serif; font-size: 12pt;"">Năm 2018: Tốt nghiệp khóa đào tạo vi phẫu, thẩm mỹ tại Ấn Độ.</span></p>
<p><span style=""font-family: arial, helvetica, sans-serif; font-size: 12pt;"">Năm 2018: Tốt nghiệp khóa đào tạo vi phẫu, thẩm mỹ tại&nbsp;Anh ( London, Leeds)</span></p>
<p>&nbsp;</p>
<p><span style=""font-family: arial, helvetica, sans-serif; font-size: 12pt;""><strong>Thế mạnh chuyên môn:</strong></span></p>
<p><span style=""font-family: arial, helvetica, sans-serif; font-size: 12pt;"">Phẫu thuật Tạo hình - Thẩm mỹ vùng hàm mặt, ngực, bụng.</span></p>
<p><span style=""font-family: arial, helvetica, sans-serif; font-size: 12pt;"">Phẫu thuật bàn tay - tái tạo đám rối thần kinh cánh tay.</span></p>
<p><span style=""font-family: arial, helvetica, sans-serif; font-size: 12pt;"">Phẫu thuật Tạo hình - Vi phẫu.</span></p>
<p><span style=""font-family: arial, helvetica, sans-serif; font-size: 12pt;"">Phẫu thuật tạo hình tai.</span></p>
<p>&nbsp;</p>
<p>&nbsp;</p>",Hoàn Kiếm,Hà Nội,https://benhvienvietduc.org/khoa/khoa-phau-thuat-ham-mat-tao-hinh-va-tham-my/doi-ngu-bac-si,https://benhvienvietduc.org/wp-content/uploads/2023/09/Bs-Huyen2HM1.jpg,"Chức vụ: Bác sĩ Khoa Phẫu thuật Hàm mặt Tạo hình và Thẩm mỹ, Bệnh viện Hữu nghị Việt Đức
Cơ sở y tế: Bệnh viện Hữu nghị Việt Đức"
Doctor,THS.BS Trần Ngọc Vân,"<p><strong>Chức vụ:</strong></p>
<p>Bác sĩ khoa Phẫu thuật Hàm mặt - Tạo hình - Thẩm mỹ, Bệnh viện Hữu nghị Việt Đức</p>
<p>&nbsp;</p>
<p><span style=""font-family: arial, helvetica, sans-serif; font-size: 12pt;""><strong>Chuyên ngành:</strong></span></p>
<p><span style=""font-family: arial, helvetica, sans-serif; font-size: 12pt;"">Răng hàm mặt</span></p>
<p>&nbsp;</p>
<p><span style=""font-family: arial, helvetica, sans-serif; font-size: 12pt;""><strong>Quá trình đào tạo:</strong></span></p>
<p><span style=""font-family: arial, helvetica, sans-serif; font-size: 12pt;"">Năm 2010: Tốt nghiệp Đại học Y khoa Matxcova.</span></p>
<p>&nbsp;</p>
<p><span style=""font-family: arial, helvetica, sans-serif; font-size: 12pt;""><strong>Thế mạnh chuyên môn:</strong></span></p>
<p><span style=""font-family: arial, helvetica, sans-serif; font-size: 12pt;"">Phẫu thuật hàm mặt</span></p>
<p><span style=""font-family: arial, helvetica, sans-serif; font-size: 12pt;"">Chuyên ngành răng hàm mặt</span></p>
<p>&nbsp;</p>
<p>&nbsp;</p>",Hoàn Kiếm,Hà Nội,https://benhvienvietduc.org/khoa/khoa-phau-thuat-ham-mat-tao-hinh-va-tham-my/doi-ngu-bac-si,https://benhvienvietduc.org/wp-content/uploads/2022/08/Bs-Van-HM1.jpg,"Chức vụ: Bác sĩ Khoa Phẫu thuật Hàm mặt Tạo hình và Thẩm mỹ, Bệnh viện Hữu nghị Việt Đức
Cơ sở y tế: Bệnh viện Hữu nghị Việt Đức"
Doctor,ThS.BS Hoàng Thị Vân,"<p><strong>Chức vụ:</strong></p>
<p>Bác sĩ Khoa Phẫu thuật Hàm mặt, Tạo hình và Thẩm mỹ, Bệnh viện Hữu nghị Việt Đức</p>
<p><strong>Chuyên ngành:</strong></p>
<p>Phẫu thuật Tạo hình thẩm mỹ</p>
<p><strong>Quá trình đào tạo:</strong></p>
<p>Năm 2016: Tốt nghiệp trường Đại học Y Hà Nội.</p>
<p>Năm 2020: Tốt nghiệp Bác sĩ Nội trú trường Đại học Y Hà Nội.</p>
<p><strong>Thế mạnh chuyên môn:</strong></p>
<p>Phẫu thuật Hàm mặt tạo hình thẩm mỹ</p>",Hoàn Kiếm,Hà Nội,https://benhvienvietduc.org/khoa/khoa-phau-thuat-ham-mat-tao-hinh-va-tham-my/doi-ngu-bac-si,https://benhvienvietduc.org/wp-content/uploads/2023/09/Bs-Van2-3t1a-HM.jpg,"Chức vụ: Bác sĩ Khoa Phẫu thuật Hàm mặt Tạo hình và Thẩm mỹ, Bệnh viện Hữu nghị Việt Đức
Cơ sở y tế: Bệnh viện Hữu nghị Việt Đức"
Doctor,Bác sĩ Vũ Đình Đề,"<p><strong>Chức vụ:</strong></p>
<p>Bác sĩ Khoa Phẫu thuật Hàm mặt Tạo hình và Thẩm mỹ, Bệnh viện Hữu nghị Việt Đức</p>
<p>&nbsp;</p>
<p><strong>Chuyên ngành:</strong></p>
<p>Phẫu thuật Tạo hình, thẩm mỹ</p>
<p>&nbsp;</p>
<p><strong>Quá trình đào tạo:</strong></p>
<p>Năm 2018: Tốt nghiệp bác sĩ đa khoa tại Khoa Y Dược, Đại học Quốc gia Hà Nội</p>
<p>&nbsp;</p>
<p>&nbsp;</p>
<p><strong>Thế mạnh chuyên môn:</strong></p>
<p>Phẫu thuật Tạo hình, thẩm mỹ</p>
<p>&nbsp;</p>",Hoàn Kiếm,Hà Nội,https://benhvienvietduc.org/khoa/khoa-phau-thuat-ham-mat-tao-hinh-va-tham-my/doi-ngu-bac-si,https://benhvienvietduc.org/wp-content/uploads/2023/04/Bs-Dinh-De-HM1.jpg,"Chức vụ: Bác sĩ Khoa Phẫu thuật Hàm mặt Tạo hình và Thẩm mỹ, Bệnh viện Hữu nghị Việt Đức
Cơ sở y tế: Bệnh viện Hữu nghị Việt Đức"
Doctor,TS. BS Bùi Mai Anh,"<p><strong>Chức vụ:</strong></p>
<p>Bác sĩ khoa Phẫu thuật Hàm mặt - Tạo hình - Thẩm mỹ, Bệnh viện Hữu nghị Việt Đức.</p>
<p>&nbsp;</p>
<p><span style=""font-family: arial, helvetica, sans-serif; font-size: 12pt;""><strong>Chuyên ngành:</strong></span></p>
<p><span style=""font-family: arial, helvetica, sans-serif; font-size: 12pt;"">Phẫu thuật Tạo hình thẩm mỹ.</span></p>
<p>&nbsp;</p>
<p><span style=""font-family: arial, helvetica, sans-serif; font-size: 12pt;""><strong>Quá trình đào tạo:</strong></span></p>
<p><span style=""font-family: arial, helvetica, sans-serif; font-size: 12pt;"">Năm 2002: Tốt nghiệp trường Đại học Y Hà Nội&nbsp;</span></p>
<p><span style=""font-family: arial, helvetica, sans-serif; font-size: 12pt;"">Năm 2006: Tốt nghiệp Bác sĩ nội trú bệnh viện chuyên ngành Phẫu thuật Tạo hình, Trường Đại học Y Hà Nội&nbsp;</span></p>
<p><span style=""font-family: arial, helvetica, sans-serif; font-size: 12pt;"">Năm 2009: Bác sĩ thực hành lâm sàng Tạo hình. Bệnh viện EnChuKong - Đài Loan</span></p>
<p><span style=""font-family: arial, helvetica, sans-serif; font-size: 12pt;"">Năm 2015: Bác sĩ thực hành lâm sàng. Bệnh viện Royal North Shore, Trường Đại học Sydney, Úc</span></p>
<p><span style=""font-family: arial, helvetica, sans-serif; font-size: 12pt;"">Năm 2016: Bác sĩ thực hành lâm sàng phẫu thuật tạo hình.</span></p>
<p><span style=""font-family: arial, helvetica, sans-serif; font-size: 12pt;"">Facing the World Foundation, bệnh viện Chelsea - Westminster, Charing Cross...., London, Vương Quốc Anh.</span></p>
<p><span style=""font-family: arial, helvetica, sans-serif; font-size: 12pt;"">Năm 2017 : Bác sĩ thực hành lâm sàng phẫu thuật tạo hình Sọ mặt. Trung tâm Phẫu thuật Sọ mặt. Bệnh viện trường Đại học Chang Gung Memorial - Đài Loan</span></p>
<p><span style=""font-family: arial, helvetica, sans-serif; font-size: 12pt;"">Năm 2018 : Bác sĩ thực hành lâm sàng phẫu thuật tạo hình. Trung tâm y khoa Asan, Seoul, Hàn Quốc.</span></p>
<p>&nbsp;</p>
<p><span style=""font-family: arial, helvetica, sans-serif; font-size: 12pt;""><strong>Thế mạnh chuyên môn:</strong></span></p>
<p><span style=""font-family: arial, helvetica, sans-serif; font-size: 12pt;"">Phẫu thuật sọ mặt (biến dạng hộp sọ, dị tật môi vòm, Tạo hình tai).</span></p>
<p><span style=""font-family: arial, helvetica, sans-serif; font-size: 12pt;"">Phẫu thuật hàm mặt ( chấn thương hàm mặt, các khối u vùng hàm mặt).</span></p>
<p><span style=""font-family: arial, helvetica, sans-serif; font-size: 12pt;"">Phẫu thuật vi phẫu (nối cơ quan đứt rời, vi phẫu mạch máu, siêu vi phẫu phù bạch mạch, bệnh lý thần kinh ngoại biên).</span></p>
<p><span style=""font-family: arial, helvetica, sans-serif; font-size: 12pt;"">Phẫu thuật tạo hình trong điều trị liệt mặt.</span></p>
<p><span style=""font-family: arial, helvetica, sans-serif; font-size: 12pt;"">Phẫu thuật thẩm mỹ (vùng hàm mặt, cắt chỉnh xương hàm mặt, ứng dụng nội soi trong nâng ngực, tạo hình thành bụng, ứng dụng công nghệ cao trong tạo hình thẩm mỹ).</span></p>
<p>&nbsp;</p>
<p>&nbsp;</p>",Hoàn Kiếm,Hà Nội,https://benhvienvietduc.org/khoa/khoa-phau-thuat-ham-mat-tao-hinh-va-tham-my/doi-ngu-bac-si,https://benhvienvietduc.org/wp-content/uploads/2016/10/IMG_8373-Edit.jpg,"Chức vụ:  Bác sĩ Khoa Phẫu thuật Hàm mặt - Tạo hình - Thẩm mỹ, Phó Trưởng phòng Nghiên cứu Khoa học, Bệnh viện Hữu nghị Việt Đức
Cơ sở y tế: Bệnh viện Hữu nghị Việt Đức"
Doctor,THS.BS Nguyễn Thị Thu Hằng,"<p><span style=""font-family: arial, helvetica, sans-serif; font-size: 12pt;""><strong>Chức vụ:</strong></span></p>
<p><span style=""font-family: arial, helvetica, sans-serif; font-size: 12pt;"">Bác sĩ khoa Phẫu thuật Hàm mặt - Tạo hình - Thẩm mỹ, Bệnh viện Hữu nghị Việt Đức.</span></p>
<p>&nbsp;</p>
<p><span style=""font-family: arial, helvetica, sans-serif; font-size: 12pt;""><strong>Chuyên ngành:</strong></span></p>
<p><span style=""font-family: arial, helvetica, sans-serif; font-size: 12pt;"">Phẫu thuật tạo hình thẩm mỹ - hàm mặt.</span></p>
<p>&nbsp;</p>
<p><span style=""font-family: arial, helvetica, sans-serif; font-size: 12pt;""><strong>Quá trình đào tạo:</strong></span></p>
<p><span style=""font-family: arial, helvetica, sans-serif; font-size: 12pt;"">Năm 2005: Tốt nghiệp Bác sĩ tại Bệnh viện Đại học Y Hà Nội&nbsp;</span></p>
<p><span style=""font-family: arial, helvetica, sans-serif; font-size: 12pt;"">Năm 2009: Tốt nghiệp Bác sĩ nội trú tại Bệnh viện Đại học Y Hà Nội chuyên ngành Phẫu thuật tạo hình thẩm mỹ</span></p>
<p><span style=""font-family: arial, helvetica, sans-serif; font-size: 12pt;"">Năm 2016: Tốt nghiệp Bác sĩ nội trú tại Bệnh viện Đại học Paris Diderot, Bệnh viện Strasbourg - và bệnh viện Toulouse - Pháp.</span></p>
<p>&nbsp;</p>
<p><span style=""font-family: arial, helvetica, sans-serif; font-size: 12pt;""><strong>Thế mạnh chuyên môn:</strong></span></p>
<p><span style=""font-family: arial, helvetica, sans-serif; font-size: 12pt;"">Phẫu thuật tạo hình chung.</span></p>
<p><span style=""font-family: arial, helvetica, sans-serif; font-size: 12pt;"">Phẫu thuật thẩm mỹ mũi, mắt, ngực, bụng.</span></p>
<p><span style=""font-family: arial, helvetica, sans-serif; font-size: 12pt;"">Phẫu thuật hàm mặt, chỉnh hàm.</span></p>
<p><span style=""font-family: arial, helvetica, sans-serif; font-size: 12pt;"">Phẫu thuật bụng - ngực, tái tạo ngực sau ung thư.</span></p>
<p>&nbsp;</p>
<p>&nbsp;</p>
<p>&nbsp;</p>",Hoàn Kiếm,Hà Nội,https://benhvienvietduc.org/khoa/khoa-phau-thuat-ham-mat-tao-hinh-va-tham-my/doi-ngu-bac-si,https://benhvienvietduc.org/wp-content/uploads/2016/12/IMG_8306-copy1.jpg,"Chức vụ:  Bác sĩ Khoa Phẫu thuật Hàm mặt - Tạo hình - Thẩm mỹ, Bệnh viện Hữu nghị Việt Đức
Cơ sở y tế: Bệnh viện Hữu nghị Việt Đức"
Doctor,BS Trần Xuân Thạch,"<p><strong>Chức vụ:</strong></p>
<p>Bác sĩ khoa Phẫu thuật Hàm mặt - Tạo hình - Thẩm mỹ, Bệnh viện Hữu nghị Việt Đức.</p>
<p>&nbsp;</p>
<p><span style=""font-family: arial, helvetica, sans-serif; font-size: 12pt;""><strong>Chuyên ngành:</strong></span></p>
<p><span style=""font-family: arial, helvetica, sans-serif; font-size: 12pt;"">Phẫu thuật Tạo hình Thẩm mỹ.</span></p>
<p>&nbsp;</p>
<p><span style=""font-family: arial, helvetica, sans-serif; font-size: 12pt;""><strong>Quá trình đào tạo:</strong></span></p>
<p><span style=""font-family: arial, helvetica, sans-serif; font-size: 12pt;"">Năm 2008: Tốt nghiệp trường Đại học Y Hà Nội.</span></p>
<p><span style=""font-family: arial, helvetica, sans-serif; font-size: 12pt;"">Năm 2011: Tốt nghiệp Bác sĩ nội trú Đại học Y Hà Nội.</span></p>
<p>&nbsp;</p>
<p><span style=""font-family: arial, helvetica, sans-serif; font-size: 12pt;""><strong>Thế mạnh chuyên môn:</strong></span></p>
<p><span style=""font-family: arial, helvetica, sans-serif; font-size: 12pt;"">Phẫu thuật vi phẫu.</span></p>
<p><span style=""font-family: arial, helvetica, sans-serif; font-size: 12pt;"">Phẫu thuật hàm mặt.</span></p>
<p><span style=""font-family: arial, helvetica, sans-serif; font-size: 12pt;"">Phẫu thuật tạo hình thẩm mỹ.</span></p>
<p>&nbsp;</p>
<p>&nbsp;</p>
<p>&nbsp;</p>",Hoàn Kiếm,Hà Nội,https://benhvienvietduc.org/khoa/khoa-phau-thuat-ham-mat-tao-hinh-va-tham-my/doi-ngu-bac-si,https://benhvienvietduc.org/wp-content/uploads/2016/08/MG_8597.jpg,"Chức vụ:  Bác sĩ Khoa Phẫu thuật Hàm mặt - Tạo hình - Thẩm mỹ, Bệnh viện Hữu nghị Việt Đức
Cơ sở y tế: Bệnh viện Hữu nghị Việt Đức"
Doctor,BS Tô Tuấn Linh,"<p><strong>Chức vụ:</strong></p>
<p>Bác sĩ khoa Phẫu thuật Hàm mặt - Tạo hình - Thẩm mỹ, Bệnh viện Hữu nghị Việt Đức.</p>
<p>&nbsp;</p>
<p><span style=""font-family: arial, helvetica, sans-serif; font-size: 12pt;""><strong>Chuyên ngành:</strong></span></p>
<p><span style=""font-family: arial, helvetica, sans-serif; font-size: 12pt;"">Phẫu thuật Tạo hình thẩm mỹ</span></p>
<p>&nbsp;</p>
<p><span style=""font-family: arial, helvetica, sans-serif; font-size: 12pt;""><strong>Quá trình đào tạo:</strong></span></p>
<p>Năm 2009: Tốt nghiệp trường Đại học Y Hà Nội.</p>
<p>Năm 2012: Tốt nghiệp Bác sĩ nội trú phẫu thuật tạo hình Đại học Y Hà Nội.</p>
<p><span style=""font-family: arial, helvetica, sans-serif; font-size: 12pt;"">Năm 2017 :Tu nghiệp về&nbsp;Tạo hình -vi phẫu, phẫu thuật thẩm mỹ, phẫu thuật sọ mặt tại Bệnh viện Vetual thành phố Cao Hùng, Đài Loan.</span></p>
<p><span style=""font-family: arial, helvetica, sans-serif; font-size: 12pt;"">2017: Tu nghiệp tại Fellowship tổ chức FTW Anh Quốc học về phẫu thuật sọ mặt, phẫu thuật tạo hình thẩm mỹ.</span></p>
<p><span style=""font-family: arial, helvetica, sans-serif; font-size: 12pt;"">11/2017: Tu nghiệp tại Fellowship tổ chức FTW Anh Quốc học về kỹ thuật 3D trong phẫu thuật sọ mặt.</span></p>
<p><span style=""font-family: arial, helvetica, sans-serif; font-size: 12pt;"">Năm 2018: Tu nghiệp tại Bệnh viện Đại học Ajou Hàn Quốc về phẫu thuật tạo hình-vi phẫu, phẫu thuật thẩm mỹ.</span></p>
<p>&nbsp;</p>
<p><span style=""font-family: arial, helvetica, sans-serif; font-size: 12pt;""><strong>Thế mạnh chuyên môn:</strong></span></p>
<p><span style=""font-family: arial, helvetica, sans-serif; font-size: 12pt;"">Phẫu thuật sọ mặt.</span></p>
<p><span style=""font-family: arial, helvetica, sans-serif; font-size: 12pt;"">Phẫu thuật Tạo hình - Vi phẫu.</span></p>
<p><span style=""font-family: arial, helvetica, sans-serif; font-size: 12pt;"">Phẫu thuật thẩm mỹ : Vùng hàm mặt, phẫu thuật vú, tạo hình bụng và cơ thể.</span></p>
<p>&nbsp;</p>",Hoàn Kiếm,Hà Nội,https://benhvienvietduc.org/khoa/khoa-phau-thuat-ham-mat-tao-hinh-va-tham-my/doi-ngu-bac-si,https://benhvienvietduc.org/wp-content/uploads/2016/08/MG_8590.jpg,"Chức vụ:  Bác sĩ Khoa Phẫu thuật Hàm mặt - Tạo hình - Thẩm mỹ, Bệnh viện Hữu nghị Việt Đức
Cơ sở y tế: Bệnh viện Hữu nghị Việt Đức
Facebook: https://www.facebook.com/tuanlinh.to/"
Doctor,BS Tô Tuấn Linh,"Thế mạnh chuyên môn:
- Phẫu thuật sọ mặt  
- Vi phẫu  
- Tạo hình thẩm mỹ ngực, bụng, hàm mặt",Hoàn Kiếm,Hà Nội,,,
Doctor,THS.BS Nguyễn Thị Hương Giang,"<p><strong>Chức vụ:</strong></p>
<p>Bác sĩ khoa Phẫu thuật Hàm mặt - Tạo hình - Thẩm mỹ, Bệnh viện Hữu nghị Việt Đức</p>
<p>&nbsp;</p>
<p><strong>Chuyên ngành:</strong></p>
<p>Phẫu thuật tạo hình</p>
<p>&nbsp;</p>
<p><strong>Quá trình đào tạo:</strong></p>
<p>Năm 2009: Tốt nghiệp Bác sĩ trường Đại học Y Hà Nội.</p>
<p>Năm 2012: Tốt nghiệp Bác sĩ nội trú Phẫu thuật tạo hình.</p>
<p>Năm 2017: Tu nghiệp chuyên ngành phẫu thuật tạo hình và sọ mặt tại Vương quốc Anh, phẫu thuật tạo hình và vi phẫu tại Đài Loan.</p>
<p>Năm 2018: Tốt nghiệp Bác sĩ chuyên khoa định hướng Mắt.</p>
<p>&nbsp;</p>
<p><strong>Thế mạnh chuyên môn:</strong></p>
<p>Phẫu thuật vi phẫu nối các bộ phận đứt rời, vi phẫu mạch máu, thần kinh ngoại biên.</p>
<p>Phẫu thuật Hàm mặt chấn thương hàm mặt, các khối u vùng hàm mặt.</p>
<p>Phẫu thuật thẩm mỹ.</p>
<p>&nbsp;</p>
<p>&nbsp;</p>",Hoàn Kiếm,Hà Nội,https://benhvienvietduc.org/khoa/khoa-phau-thuat-ham-mat-tao-hinh-va-tham-my/doi-ngu-bac-si,https://benhvienvietduc.org/wp-content/uploads/2016/12/bs-Huong-Giang-THHM.jpg,"Chức vụ:  Bác sĩ Khoa Phẫu thuật Hàm mặt - Tạo hình - Thẩm mỹ, Bệnh viện Hữu nghị Việt Đức
Cơ sở y tế: Bệnh viện Hữu nghị Việt Đức"
Doctor,BSCKII Lê Văn Nam ,"<p><strong>Chức vụ:</strong></p>
<p>Phó Trưởng phòng Chỉ đạo tuyến - Trung tâm Đào tạo và Chỉ đạo tuyến</p>
<p>Bác sĩ khoa Phẫu thuật Hàm mặt - Tạo hình - Thẩm mỹ, Bệnh viện Hữu nghị Việt Đức.</p>
<p>&nbsp;</p>
<p><strong>Chuyên ngành:</strong></p>
<p>Răng hàm mặt</p>
<p>&nbsp;</p>
<p><strong>Quá trình đào tạo:</strong></p>
<p>Năm 2008: Tốt nghiệp Đại học Y Hà Nội.</p>
<p>Năm 2010: Tốt nghiệp chuyên khoa định hướng răng hàm mặt.</p>
<p>Năm 2014: Bảo vệ luận văn Thạc sỹ&nbsp;trường Đại học Y Hà Nội.</p>
<p>Năm 2023: Tốt nghiệp Bác sỹ chuyên khoa II trường Đại học Y Dược Hải Phòng.</p>
<p>&nbsp;</p>
<p><strong>Thế mạnh chuyên môn:</strong></p>
<p>Răng hàm mặt</p>",Hoàn Kiếm,Hà Nội,https://benhvienvietduc.org/khoa/khoa-phau-thuat-ham-mat-tao-hinh-va-tham-my/doi-ngu-bac-si,https://benhvienvietduc.org/wp-content/uploads/2020/09/IMG-6625-copy-bs-nam1.jpg,"Chức vụ:  Phó Trưởng phòng Chỉ đạo tuyến - Trung tâm Đào tạo và Chỉ đạo tuyến, Bác sĩ Khoa PT Hàm mặt - Tạo hình - Thẩm mỹ, Bệnh viện Hữu nghị Việt Đức
Cơ sở y tế: Bệnh viện Hữu nghị Việt Đức"
Doctor,"THS.BS Ngô Hải Sơn Bác sĩ Khoa PT Hàm mặt - Tạo hình - Thẩm mỹ, Bệnh viện Hữu nghị Việt Đức","<p><strong>Chức vụ:</strong></p>
<p>Bác sĩ khoa Phẫu thuật Hàm mặt - Tạo hình - Thẩm mỹ, Bệnh viện Hữu nghị Việt Đức.</p>
<p>&nbsp;</p>
<p><span style=""font-family: arial, helvetica, sans-serif; font-size: 12pt;""><strong>Chuyên ngành:</strong></span></p>
<p><span style=""font-family: arial, helvetica, sans-serif; font-size: 12pt;"">Phẫu thuật Tạo hình - Thẩm mỹ.</span></p>
<p><span style=""font-family: arial, helvetica, sans-serif; font-size: 12pt;"">Nội tiết sinh dục.</span></p>
<p>&nbsp;</p>
<p><span style=""font-family: arial, helvetica, sans-serif; font-size: 12pt;""><strong>Quá trình đào tạo:</strong></span></p>
<p><span style=""font-family: arial, helvetica, sans-serif; font-size: 12pt;"">Năm 2011: Tốt nghiệp Đại học Y Hà Nội</span></p>
<p><span style=""font-family: arial, helvetica, sans-serif; font-size: 12pt;"">Năm 2015: Bảo vệ luận văn</span><span style=""font-family: arial, helvetica, sans-serif; font-size: 12pt;"">&nbsp;Thạc sỹ&nbsp;Đại học Y Hà Nội.</span></p>
<p><span style=""font-family: arial, helvetica, sans-serif; font-size: 12pt;"">Năm 2016: Tham gia khóa học chuyên khoa định hướng Nội tiết tại trường Đại học Y Hà Nội</span></p>
<p><span style=""font-family: arial, helvetica, sans-serif; font-size: 12pt;"">Năm 2018: Chứng chỉ Phẫu thuật tạo hình hàm mặt tại London (Anh)</span></p>
<p>&nbsp;</p>
<p><span style=""font-family: arial, helvetica, sans-serif; font-size: 12pt;""><strong>Thế mạnh chuyên môn:</strong></span></p>
<p><span style=""font-family: arial, helvetica, sans-serif; font-size: 12pt;"">Phẫu thuật Tạo hình thân mình - sinh dục xác định lại giới tính - chuyển giới</span></p>
<p><span style=""font-family: arial, helvetica, sans-serif; font-size: 12pt;"">Điều trị Nội tiết sinh dục</span></p>
<p>&nbsp;</p>",Hoàn Kiếm,Hà Nội,https://benhvienvietduc.org/khoa/khoa-phau-thuat-ham-mat-tao-hinh-va-tham-my/doi-ngu-bac-si,https://benhvienvietduc.org/wp-content/uploads/2020/01/IMG-6687-Ngo-Hai-Son.jpg,"Chức vụ:  Bác sĩ Khoa Phẫu thuật Hàm mặt - Tạo hình - Thẩm mỹ, Bệnh viện Hữu nghị Việt Đức
Cơ sở y tế: Bệnh viện Hữu nghị Việt Đức
Facebook: https://www.facebook.com/Kai.tensai "
Doctor,Bác sĩ CKI Nguyễn Văn Vượng,"<div id=""toc_container"" class=""no_bullets""><p class=""toc_title"">Nội dung chính <span class=""toc_toggle""><span class=""toc_brackets"">[</span><a href=""#"">Ẩn</a><span class=""toc_brackets"">]</span></span></p><ul class=""toc_list""><li><a href=""#Ho_so_bac_si""><span class=""toc_number toc_depth_1"">1</span> Hồ sơ bác sĩ</a></li><li><a href=""#Qua_trinh_hoc_tap""><span class=""toc_number toc_depth_1"">2</span> Quá trình học tập</a></li><li><a href=""#Qua_trinh_lam_viec_va_thanh_tich_ban_than""><span class=""toc_number toc_depth_1"">3</span> Quá trình làm việc và thành tích bản thân</a></li></ul></div><h2><span id=""Ho_so_bac_si""><strong><span style=""font-family: arial, helvetica, sans-serif;"">Hồ sơ bác sĩ</span></strong></span></h2><p><span style=""font-family: arial, helvetica, sans-serif;"">Bác sĩ CKI Nguyễn Văn Vượng hiện đang công tác và làm việc tại chuyên khoa mũi của Bệnh viện Thẩm mỹ Thu Cúc. Ông được rất nhiều chuyên gia trong lĩnh vực thẩm mỹ đánh giá cao về năng lực, trách nhiệm, cũng như kiến thức chuyên môn và nhận được nhiều sự tin tưởng ở phía khách hàng cũng như người nhà khách hàng tới thực hiện.</span></p><p><img fetchpriority=""high"" decoding=""async"" class=""aligncenter size-full wp-image-191117 lazyloaded"" src=""https://thammythucuc.vn/wp-content/uploads/2023/10/bac-si-nguyen-van-vuong.jpg"" alt=""bác sĩ nguyễn văn vượng"" width=""600"" height=""600"" title=""Bác sĩ CKI Nguyễn Văn Vượng 1"" data-lazy-srcset=""https://thammythucuc.vn/wp-content/uploads/2023/10/bac-si-nguyen-van-vuong.jpg 600w, https://thammythucuc.vn/wp-content/uploads/2023/10/bac-si-nguyen-van-vuong-350x350.jpg 350w"" data-lazy-sizes=""(max-width: 600px) 100vw, 600px"" data-lazy-src=""https://thammythucuc.vn/wp-content/uploads/2023/10/bac-si-nguyen-van-vuong.jpg"" sizes=""(max-width: 600px) 100vw, 600px"" srcset=""https://thammythucuc.vn/wp-content/uploads/2023/10/bac-si-nguyen-van-vuong.jpg 600w, https://thammythucuc.vn/wp-content/uploads/2023/10/bac-si-nguyen-van-vuong-350x350.jpg 350w"" data-was-processed=""true""><noscript><img fetchpriority=""high"" decoding=""async"" class=""aligncenter size-full wp-image-191117"" src=""https://thammythucuc.vn/wp-content/uploads/2023/10/bac-si-nguyen-van-vuong.jpg"" alt=""bác sĩ nguyễn văn vượng"" width=""600"" height=""600"" title=""Bác sĩ CKI Nguyễn Văn Vượng 1"" srcset=""https://thammythucuc.vn/wp-content/uploads/2023/10/bac-si-nguyen-van-vuong.jpg 600w, https://thammythucuc.vn/wp-content/uploads/2023/10/bac-si-nguyen-van-vuong-350x350.jpg 350w"" sizes=""(max-width: 600px) 100vw, 600px"" /></noscript></p><h2><span id=""Qua_trinh_hoc_tap""><strong><span style=""font-family: arial, helvetica, sans-serif;"">Quá trình học tập</span></strong></span></h2><ul><li><span style=""font-family: arial, helvetica, sans-serif;"">2011: Tốt nghiệp Bác sĩ Đa khoa tại Đại học Y Hải Phòng</span></li><li><span style=""font-family: arial, helvetica, sans-serif;"">2016: Tốt nghiệp Bác sĩ CKI phẫu thuật Ung Thư tại ĐH Y Hải Phòng</span></li><li><span style=""font-family: arial, helvetica, sans-serif;"">2018: Tốt nghiệp Chuyên khoa Phẫu thuật tạo hình thẩm mỹ Đại Học Y Hà Nội</span></li><li><span style=""font-family: arial, helvetica, sans-serif;"">2011 – 2017: Bác sĩ Phẫu thuật Ung Thư – BV Đa khoa tỉnh Hải Dương</span></li><li><span style=""font-family: arial, helvetica, sans-serif;"">2022 – đến nay: Bác sĩ PTTM – Bệnh Viện Thẩm mỹ Thu Cúc</span></li></ul><h2><span id=""Qua_trinh_lam_viec_va_thanh_tich_ban_than""><strong><span style=""font-family: arial, helvetica, sans-serif;"">Quá trình làm việc và thành tích bản thân</span></strong></span></h2><ul><li><span style=""font-family: arial, helvetica, sans-serif;"">Tốt nghiệp Bác sĩ CKI trường ĐH Y Hải Phòng</span></li><li><span style=""font-family: arial, helvetica, sans-serif;"">Tốt nghiệp Bác sĩ Chuyên khoa Phẫu thuật TMTH ĐH Y Hà Nội</span></li><li><span style=""font-family: arial, helvetica, sans-serif;"">Tốt nghiệp Bác sĩ Đa khoa tại Đại học Y Hải Phòng</span></li><li><span style=""font-family: arial, helvetica, sans-serif;"">Bác sĩ PTTM tại Bệnh Viện Thẩm Mỹ Thu Cúc – 1B Yết Kiêu, HN</span></li><li><span style=""font-family: arial, helvetica, sans-serif;"">Phẫu thuật tạo Thẩm Mỹ Tái Cấu Trúc Nâng Cao tại Hoa Kỳ</span></li><li><span style=""font-family: arial, helvetica, sans-serif;"">Cập nhật kiến thức về tạo hình mũi tại Hàn Quốc</span></li><li><span style=""font-family: arial, helvetica, sans-serif;"">Cố vấn chuyên môn cho các hội thảo, diễn đàn về tạo hình thẩm mỹ</span></li><li><span style=""font-family: arial, helvetica, sans-serif;"">Các khóa học Phẫu thuật tạo hình thẩm mỹ tại các bệnh viện lớn trong nước và quốc tế</span></li><li><span style=""font-family: arial, helvetica, sans-serif;"">Phẫu thuật thành công hơn 50.000 ca trong đó có 35.000 ca Nâng mũi</span></li></ul><div class=""boxnoidungtomtat"" style=""font-weight: 400""><p style=""text-transform: uppercase; font-weight: bold; font-size: 16px;"">THÔNG TIN LIÊN HỆ:</p><p><strong>Cơ sở Hà Nội:</strong> 1B Yết Kiêu, Q. Hoàn Kiếm, Hà Nội</p><p><strong>Cơ sở TP. HCM:</strong> 218 Điện Biên Phủ, Q.3. TPHCM</p><p><strong>Website:</strong> <a href=""https://thammythucuc.vn"" target=""_blank"">https://thammythucuc.vn</a></p><p><strong>Fanpage:</strong> <a href=""https://www.facebook.com/thammythucuc.com.vn/"" target=""_blank"" rel=""nofollow noopener"">https://www.facebook.com/thammythucuc.com.vn/</a></p><p><strong>Tổng đài:</strong> <a href=""tel:1900 1920"">1900 1920</a> – Hotline: <a href=""tel:0964 080 999"">0964 080 999</a></p></div><i>**Lưu ý: Hiệu quả có thể khác nhau tùy cơ địa mỗi người</i>",Hoàn Kiếm,Hà Nội,https://thammythucuc.vn/bac-si/nguyen-van-vuong.html?srsltid=AfmBOoqCMJrJF5EN9B60UyFoqgd54CeJk3I_neiDk4ub9o32IiJ9xCu-,https://thammythucuc.vn/wp-content/uploads/2023/10/bac-si-nguyen-van-vuong.jpg,Cơ sở y tế: Bệnh viện Thẩm mỹ Thu Cúc
Doctor,Bác sĩ CKI Nguyễn Văn Vượng,"Thế mạnh chuyên môn:
- Phẫu thuật mũi (nâng mũi cấu trúc, sửa mũi hỏng, tái tạo mũi)  
- Tạo hình khuôn mặt  
- Tư vấn và điều trị thẩm mỹ toàn diện",Hoàn Kiếm,Hà Nội,,,
Doctor,"Thạc sĩ, Bác sĩ Nguyễn Thị Thu Hà","<p><span style=""font-family: arial, helvetica, sans-serif;""></span></p><h2 class=""wp-block-heading""><span style=""font-family: arial, helvetica, sans-serif;""><strong>Hồ sơ bác sĩ</strong></span></h2><p><span style=""font-family: arial, helvetica, sans-serif;""> </span></p><p><span style=""font-family: arial, helvetica, sans-serif;""><strong>Thạc sĩ, Bác sĩ Nguyễn Thị Thu Hà</strong> một trong những chuyên gia hàng đầu về lĩnh vực phẫu thuật thẩm mỹ. Trong sự nghiệp của mình, Bác sĩ Nguyễn Thị Thu Hà từng giữ nhiều vị trí về lĩnh vực thẩm mỹ tại các bệnh viện thẩm mỹ nổi tiếng khác nhau, phẫu thuật hàng nghìn ca và đem lại sự tự tin ở không chỉ phái đẹp mà còn cả cánh mày râu.</span></p><p><span style=""font-family: arial, helvetica, sans-serif;""> </span></p><div class=""wp-block-image is-style-default""><figure class=""aligncenter size-full""><span style=""font-family: arial, helvetica, sans-serif;""><img fetchpriority=""high"" decoding=""async"" width=""600"" height=""600"" class=""wp-image-152102 lazyloaded"" src=""https://thammythucuc.vn/wp-content/uploads/2022/05/bs-ha.jpg"" alt=""bs ha"" title=""Thạc Sĩ, Bác Sĩ Nguyễn Thị Thu Hà 1"" data-lazy-srcset=""https://thammythucuc.vn/wp-content/uploads/2022/05/bs-ha.jpg 600w, https://thammythucuc.vn/wp-content/uploads/2022/05/bs-ha-350x350.jpg 350w"" data-lazy-sizes=""(max-width: 600px) 100vw, 600px"" data-lazy-src=""https://thammythucuc.vn/wp-content/uploads/2022/05/bs-ha.jpg"" sizes=""(max-width: 600px) 100vw, 600px"" srcset=""https://thammythucuc.vn/wp-content/uploads/2022/05/bs-ha.jpg 600w, https://thammythucuc.vn/wp-content/uploads/2022/05/bs-ha-350x350.jpg 350w"" data-was-processed=""true""><noscript><img fetchpriority=""high"" decoding=""async"" width=""600"" height=""600"" class=""wp-image-152102"" src=""https://thammythucuc.vn/wp-content/uploads/2022/05/bs-ha.jpg"" alt=""bs ha"" title=""Thạc Sĩ, Bác Sĩ Nguyễn Thị Thu Hà 1"" srcset=""https://thammythucuc.vn/wp-content/uploads/2022/05/bs-ha.jpg 600w, https://thammythucuc.vn/wp-content/uploads/2022/05/bs-ha-350x350.jpg 350w"" sizes=""(max-width: 600px) 100vw, 600px"" /></noscript></span></figure></div><p><span style=""font-family: arial, helvetica, sans-serif;""> </span></p><p><span style=""font-family: arial, helvetica, sans-serif;"">Trong suốt quá trình học tập và làm việc của mình BS Nguyễn Thị Thu Hà đã luôn cập nhật kiến thức chuyên môn từ các hội nghị, các hội thảo khoa học thẩm mỹ cả trong và ngoài nước. Nhận được Chứng chỉ hướng chuyên khoa Phẫu Thuật Thẩm Mỹ, chứng chỉ hành nghề khám chữa bệnh do Sở Y tế cấp.</span></p><p><span style=""font-family: arial, helvetica, sans-serif;""> </span></p><p><span style=""font-family: arial, helvetica, sans-serif;"">Với kinh nghiệm nhiều năm trong ngành, Bác sĩ Hà đã tham gia 15.000 ca phẫu thuật khác nhau, trong đó có 6000 ca đại phẫu.</span></p><p><span style=""font-family: arial, helvetica, sans-serif;""> </span></p><p><span style=""font-family: arial, helvetica, sans-serif;"">Hiện nay, Thạc sĩ, Bác sĩ Nguyễn Thị Thu Hà đang là Bác sĩ chuyên khoa trong lĩnh vực phẫu thuật thẩm mỹ tại Bệnh viện thẩm mỹ Thu Cúc.</span></p><p><span style=""font-family: arial, helvetica, sans-serif;""> </span></p><p><span style=""font-family: arial, helvetica, sans-serif;"">Đồng thời, BS Nguyễn Thị Thu Hà cũng rất chú trọng đến việc đào tạo và nâng cao trình độ chuyên môn cho các y bác sĩ..&nbsp;</span></p><p><span style=""font-family: arial, helvetica, sans-serif;""> </span></p><p><span style=""font-family: arial, helvetica, sans-serif;"">Sự tận tâm với nghề, tinh thần trách nhiệm cao và kiến thức chuyên môn giỏi đã giúp Bác sĩ Nguyễn Thị Thu Hà được giới chuyên môn đánh giá cao, nhiều bệnh nhân và người nhà bệnh nhân hết lời ca ngợi.</span></p><p><span style=""font-family: arial, helvetica, sans-serif;""></span></p><div class=""boxnoidungtomtat"" style=""font-weight: 400""><p style=""text-transform: uppercase; font-weight: bold; font-size: 16px;"">THÔNG TIN LIÊN HỆ:</p><p><strong>Cơ sở Hà Nội:</strong> 1B Yết Kiêu, Q. Hoàn Kiếm, Hà Nội</p><p><strong>Cơ sở TP. HCM:</strong> 218 Điện Biên Phủ, Q.3. TPHCM</p><p><strong>Website:</strong> <a href=""https://thammythucuc.vn"" target=""_blank"">https://thammythucuc.vn</a></p><p><strong>Fanpage:</strong> <a href=""https://www.facebook.com/thammythucuc.com.vn/"" target=""_blank"" rel=""nofollow noopener"">https://www.facebook.com/thammythucuc.com.vn/</a></p><p><strong>Tổng đài:</strong> <a href=""tel:1900 1920"">1900 1920</a> – Hotline: <a href=""tel:0964 080 999"">0964 080 999</a></p></div><i>**Lưu ý: Hiệu quả có thể khác nhau tùy cơ địa mỗi người</i>",Hoàn Kiếm,Hà Nội,https://thammythucuc.vn/bac-si/nguyen-thi-thu-ha.html,https://thammythucuc.vn/wp-content/uploads/2022/05/bs-ha.jpg,"Cơ sở y tế: Bệnh viện Thẩm mỹ Thu Cúc
Facebook: https://www.facebook.com/Bs.NguyenThuHa/
Ảnh trước/sau (cắt mí): https://cdn.bookingcare.vn/fo/w640/2025/05/06/110646-thsbsnguyen-thi-thu-ha-cat-mi-nang-mui.png - Nguồn ảnh: Facebook Ths.Bs. Nguyễn Thu Hà, ngày đăng 25/7/2023, link bài đăng: https://www.facebook.com/Bs.NguyenThuHa/posts/pfbid0331RjA4QPx1932F4z1XSaoew9bLYzxyxgXGvtAbAjUJgiUSUs9xiX4G9maVwUG5fwl"
Doctor,Bác sĩ Lê Trung Kiên,"<p><span style=""font-family: arial, helvetica, sans-serif;""></span></p><div id=""toc_container"" class=""no_bullets""><p class=""toc_title"">Nội dung chính <span class=""toc_toggle""><span class=""toc_brackets"">[</span><a href=""#"">Ẩn</a><span class=""toc_brackets"">]</span></span></p><ul class=""toc_list""><li><a href=""#Ho_so_bac_si""><span class=""toc_number toc_depth_1"">1</span> Hồ sơ bác sĩ</a></li><li><a href=""#Qua_trinh_Hoc_tap""><span class=""toc_number toc_depth_1"">2</span> Quá trình Học tập</a></li><li><a href=""#Lam_viec""><span class=""toc_number toc_depth_1"">3</span> Làm việc</a></li></ul></div><h2 class=""wp-block-heading""><span id=""Ho_so_bac_si""><span style=""font-family: arial, helvetica, sans-serif;""><strong>Hồ sơ bác sĩ</strong></span></span></h2><p><span style=""font-family: arial, helvetica, sans-serif;""> </span></p><p><span style=""font-family: arial, helvetica, sans-serif;""><strong>Thạc sĩ, Bác sĩ Lê Trung Kiên </strong>là giám đốc chuyên môn tại Bệnh viện Thẩm mỹ Thu Cúc. Ông được rất nhiều các chuyên gia trong lĩnh vực thẩm mỹ đánh giá cao về năng lực, trách nhiệm, cũng như kiến thức chuyên môn, nhận được nhiều sự tin tưởng ở phía người bệnh và người nhà của các bệnh nhân</span></p><p><span style=""font-family: arial, helvetica, sans-serif;""> </span></p><div class=""wp-block-image is-style-default""><figure class=""aligncenter size-full""><span style=""font-family: arial, helvetica, sans-serif;""><a href=""https://thammythucuc.vn/wp-content/uploads/2022/05/bs-kien.jpg""><img fetchpriority=""high"" decoding=""async"" width=""600"" height=""600"" class=""wp-image-152095 lazyloaded"" src=""https://thammythucuc.vn/wp-content/uploads/2022/05/bs-kien.jpg"" alt=""bác sĩ Kiên"" title=""Thạc Sĩ, Bác Sĩ Lê Trung Kiên 1"" data-lazy-srcset=""https://thammythucuc.vn/wp-content/uploads/2022/05/bs-kien.jpg 600w, https://thammythucuc.vn/wp-content/uploads/2022/05/bs-kien-350x350.jpg 350w"" data-lazy-sizes=""(max-width: 600px) 100vw, 600px"" data-lazy-src=""https://thammythucuc.vn/wp-content/uploads/2022/05/bs-kien.jpg"" sizes=""(max-width: 600px) 100vw, 600px"" srcset=""https://thammythucuc.vn/wp-content/uploads/2022/05/bs-kien.jpg 600w, https://thammythucuc.vn/wp-content/uploads/2022/05/bs-kien-350x350.jpg 350w"" data-was-processed=""true""><noscript><img fetchpriority=""high"" decoding=""async"" width=""600"" height=""600"" class=""wp-image-152095"" src=""https://thammythucuc.vn/wp-content/uploads/2022/05/bs-kien.jpg"" alt=""bác sĩ Kiên"" title=""Thạc Sĩ, Bác Sĩ Lê Trung Kiên 1"" srcset=""https://thammythucuc.vn/wp-content/uploads/2022/05/bs-kien.jpg 600w, https://thammythucuc.vn/wp-content/uploads/2022/05/bs-kien-350x350.jpg 350w"" sizes=""(max-width: 600px) 100vw, 600px"" /></noscript></a></span></figure></div><p><span style=""font-family: arial, helvetica, sans-serif;""> </span></p><h2 class=""wp-block-heading""><span id=""Qua_trinh_Hoc_tap""><span style=""font-family: arial, helvetica, sans-serif;""><strong>Quá trình Học tập</strong></span></span></h2><p><span style=""font-family: arial, helvetica, sans-serif;""> </span></p><ul class=""wp-block-list""><li><span style=""font-family: arial, helvetica, sans-serif;"">Năm 2014: Tốt nghiệp Phẫu Thuật Tạo Hình Thẩm Mỹ tại Đại học y dược thành phố Hồ Chí Minh</span></li><li><span style=""font-family: arial, helvetica, sans-serif;"">9 tháng 6, 2014 – 2015: Học Phẫu Thuật Thẩm Mỹ tại BK hospital – Seoul , Korea</span></li><li><span style=""font-family: arial, helvetica, sans-serif;"">9 tháng 6, 2017 – 2019: Học Phẫu thuật tạo hình thẩm mỹ và tái tạo tại Trung tâm phẫu thuật tạo hình thẩm mỹ – Viện Bỏng quốc gia</span></li></ul><p><span style=""font-family: arial, helvetica, sans-serif;""> </span></p><h2 class=""wp-block-heading""><span id=""Lam_viec""><span style=""font-family: arial, helvetica, sans-serif;""><strong>Làm việc</strong></span></span></h2><p><span style=""font-family: arial, helvetica, sans-serif;""> </span></p><ul class=""wp-block-list""><li><span style=""font-family: arial, helvetica, sans-serif;"">Trưởng đơn vị phẫu thuật thẩm mỹ tại Bệnh viện Đa khoa Quốc tế Thu Cúc TCI</span></li><li><span style=""font-family: arial, helvetica, sans-serif;"">03/ 2019 – 7/2020: Phó Trưởng Khoa Ngoại tại Bệnh viện Đa khoa Quốc tế Thu Cúc TCI</span></li><li><span style=""font-family: arial, helvetica, sans-serif;"">29 tháng 8, 2020 – đến nay: Giám đốc chuyên môn tại Bệnh Viện Thẩm Mỹ Thu Cúc</span></li></ul><p><span style=""font-family: arial, helvetica, sans-serif;""> </span></p><p><span style=""font-family: arial, helvetica, sans-serif;"">Bác sỹ Kiên với nhiều năm kinh nghiệm của mình, đặc biệt có chuyên môn sâu về thẩm mỹ mắt, môi, ngực, bụng, mông, hút mỡ các vùng. </span><span style=""font-family: arial, helvetica, sans-serif;"">Ngoài ra, ông còn có cơ hội làm việc trực tiếp và nhận chuyển giao kỹ thuật phẫu thuật tạo hình thẩm mỹ từ các chuyên gia trong nước và quốc tế đến từ Mỹ, Nhật, Hàn Quốc,…</span></p><p><span style=""font-family: arial, helvetica, sans-serif;""> </span><span style=""font-family: arial, helvetica, sans-serif;""></span></p><div class=""boxnoidungtomtat"" style=""font-weight: 400""><p style=""text-transform: uppercase; font-weight: bold; font-size: 16px;"">THÔNG TIN LIÊN HỆ:</p><p><strong>Cơ sở Hà Nội:</strong> 1B Yết Kiêu, Q. Hoàn Kiếm, Hà Nội</p><p><strong>Cơ sở TP. HCM:</strong> 218 Điện Biên Phủ, Q.3. TPHCM</p><p><strong>Website:</strong> <a href=""https://thammythucuc.vn"" target=""_blank"">https://thammythucuc.vn</a></p><p><strong>Fanpage:</strong> <a href=""https://www.facebook.com/thammythucuc.com.vn/"" target=""_blank"" rel=""nofollow noopener"">https://www.facebook.com/thammythucuc.com.vn/</a></p><p><strong>Tổng đài:</strong> <a href=""tel:1900 1920"">1900 1920</a> – Hotline: <a href=""tel:0964 080 999"">0964 080 999</a></p></div><i>**Lưu ý: Hiệu quả có thể khác nhau tùy cơ địa mỗi người</i>",Hoàn Kiếm,Hà Nội,https://thammythucuc.vn/bac-si/le-trung-kien.html?srsltid=AfmBOooHn71Ql_Inl3IYZX0FAsreBrg23xfB2XbTD14e2VTX1gS7JZUk,https://thammythucuc.vn/wp-content/uploads/2022/05/bs-kien.jpg,Cơ sở y tế: Bệnh viện Thẩm mỹ Thu Cúc